-- phpMyAdmin SQL Dump
-- version 5.0.2
-- https://www.phpmyadmin.net/
--
-- Host: 127.0.0.1
-- Generation Time: Jun 11, 2022 at 06:34 AM
-- Server version: 10.4.14-MariaDB
-- PHP Version: 7.4.9

SET SQL_MODE = "NO_AUTO_VALUE_ON_ZERO";
START TRANSACTION;
SET time_zone = "+00:00";


/*!40101 SET @OLD_CHARACTER_SET_CLIENT=@@CHARACTER_SET_CLIENT */;
/*!40101 SET @OLD_CHARACTER_SET_RESULTS=@@CHARACTER_SET_RESULTS */;
/*!40101 SET @OLD_COLLATION_CONNECTION=@@COLLATION_CONNECTION */;
/*!40101 SET NAMES utf8mb4 */;

--
-- Database: `id2333746_spk_ahp`
--

-- --------------------------------------------------------

--
-- Table structure for table `ahp_analisa_alternatif`
--

CREATE TABLE `ahp_analisa_alternatif` (
  `alternatif_pertama` varchar(2) NOT NULL,
  `nilai_analisa_alternatif` double NOT NULL,
  `hasil_analisa_alternatif` double NOT NULL,
  `alternatif_kedua` varchar(2) NOT NULL,
  `id_kriteria` varchar(2) NOT NULL,
  `id_pengguna` varchar(3) NOT NULL
) ENGINE=InnoDB DEFAULT CHARSET=latin1;

--
-- Dumping data for table `ahp_analisa_alternatif`
--

INSERT INTO `ahp_analisa_alternatif` (`alternatif_pertama`, `nilai_analisa_alternatif`, `hasil_analisa_alternatif`, `alternatif_kedua`, `id_kriteria`, `id_pengguna`) VALUES
('', 0.11111111111111, 0, '', 'C1', '18'),
('', 8, 0, '', 'C1', '39'),
('', 0.0047619047619048, 0, '', 'C1', '48'),
('', 0.25, 0, '', 'C1', '64'),
('', 3.003003003003, 0, '', 'C1', '81'),
('', 0.11111111111111, 0, '', 'C1', '93'),
('', 0.11111111111111, 0, '', 'C2', '77'),
('', 0.11111111111111, 0, '', 'C2', '93'),
('', 0.16666666666667, 0, '', 'C3', '20'),
('', 0.5, 0, 'A1', 'C1', '48'),
('', 0.2, 0, 'A1', 'C1', '81'),
('', 0.5, 0, 'A1', 'C1', '87'),
('', 0.33333333333333, 0, 'A1', 'C2', '11'),
('', 0.11111111111111, 0, 'A1', 'C2', '77'),
('', 1, 0, 'A2', 'C1', '87'),
('', 1, 0, 'A3', 'C2', '11'),
('A1', 2, 0, '', 'C1', '48'),
('A1', 5, 0, '', 'C1', '81'),
('A1', 2, 0, '', 'C1', '87'),
('A1', 3, 0, '', 'C2', '11'),
('A1', 9, 0, '', 'C2', '77'),
('A1', 1, 0.81818181818182, 'A1', 'C1', '1'),
('A1', 1, 0.57142857142857, 'A1', 'C1', '10'),
('A1', 1, 0.18181818181818, 'A1', 'C1', '11'),
('A1', 1, 0.54545454545455, 'A1', 'C1', '16'),
('A1', 1, 0.047619047619048, 'A1', 'C1', '18'),
('A1', 1, 0.18181818181818, 'A1', 'C1', '21'),
('A1', 1, 0.18181818181818, 'A1', 'C1', '23'),
('A1', 1, 0.47368421052632, 'A1', 'C1', '27'),
('A1', 1, 0.81818181818182, 'A1', 'C1', '47'),
('A1', 1, 0.66666666666667, 'A1', 'C1', '48'),
('A1', 1, 0.28571428571429, 'A1', 'C1', '49'),
('A1', 1, 0.4, 'A1', 'C1', '51'),
('A1', 1, 0.81818181818182, 'A1', 'C1', '65'),
('A1', 1, 0.81818181818182, 'A1', 'C1', '69'),
('A1', 1, 0.67741935483871, 'A1', 'C1', '70'),
('A1', 1, 0.46666666666667, 'A1', 'C1', '80'),
('A1', 1, 0.83333333333333, 'A1', 'C1', '81'),
('A1', 1, 0.54545454545455, 'A1', 'C1', '85'),
('A1', 1, 0.54545454545455, 'A1', 'C1', '87'),
('A1', 1, 0.1875, 'A1', 'C1', '9'),
('A1', 1, 0.81818181818182, 'A1', 'C1', '93'),
('A1', 1, 0.81818181818182, 'A1', 'C2', '1'),
('A1', 1, 0.3, 'A1', 'C2', '10'),
('A1', 1, 0.46153846153846, 'A1', 'C2', '11'),
('A1', 1, 0.18181818181818, 'A1', 'C2', '16'),
('A1', 1, 0.54545454545455, 'A1', 'C2', '21'),
('A1', 1, 0.54545454545455, 'A1', 'C2', '23'),
('A1', 1, 0.79746835443038, 'A1', 'C2', '70'),
('A1', 1, 0.9, 'A1', 'C2', '77'),
('A1', 1, 0.18181818181818, 'A1', 'C2', '85'),
('A1', 1, 0.54545454545455, 'A1', 'C2', '9'),
('A1', 1, 0.81818181818182, 'A1', 'C2', '93'),
('A1', 1, 0.81818181818182, 'A1', 'C3', '1'),
('A1', 1, 0.3, 'A1', 'C3', '10'),
('A1', 1, 0.28571428571429, 'A1', 'C3', '11'),
('A1', 1, 0.6, 'A1', 'C3', '16'),
('A1', 1, 0.28571428571429, 'A1', 'C3', '21'),
('A1', 1, 0.28571428571429, 'A1', 'C3', '23'),
('A1', 1, 0.6, 'A1', 'C3', '85'),
('A1', 1, 0.28571428571429, 'A1', 'C3', '9'),
('A1', 1, 0.81818181818182, 'A1', 'C3', '93'),
('A1', 9, 0.89010989010989, 'A2', 'C1', '1'),
('A1', 4, 0.44444444444444, 'A2', 'C1', '10'),
('A1', 2, 0.6, 'A2', 'C1', '11'),
('A1', 3, 0.5, 'A2', 'C1', '16'),
('A1', 0.1, 0.047619047619048, 'A2', 'C1', '18'),
('A1', 2, 0.6, 'A2', 'C1', '21'),
('A1', 2, 0.6, 'A2', 'C1', '23'),
('A1', 1, 0.47368421052632, 'A2', 'C1', '27'),
('A1', 9, 0.89010989010989, 'A2', 'C1', '47'),
('A1', 0.5, 0.27272727272727, 'A2', 'C1', '49'),
('A1', 1, 0.42857142857143, 'A2', 'C1', '51'),
('A1', 9, 0.52962962962963, 'A2', 'C1', '65'),
('A1', 9, 0.89010989010989, 'A2', 'C1', '69'),
('A1', 7, 0.85964912280702, 'A2', 'C1', '70'),
('A1', 1, 0.19987995198079, 'A2', 'C1', '80'),
('A1', 3, 0.5, 'A2', 'C1', '85'),
('A1', 3, 0.6, 'A2', 'C1', '87'),
('A1', 3, 0.66666666666667, 'A2', 'C1', '9'),
('A1', 9, 0.89010989010989, 'A2', 'C1', '93'),
('A1', 9, 0.89010989010989, 'A2', 'C2', '1'),
('A1', 0.5, 0.076923076923077, 'A2', 'C2', '10'),
('A1', 3, 0.66666666666667, 'A2', 'C2', '11'),
('A1', 2, 0.6, 'A2', 'C2', '16'),
('A1', 3, 0.66666666666667, 'A2', 'C2', '21'),
('A1', 2, 0.57142857142857, 'A2', 'C2', '23'),
('A1', 9, 0.87096774193548, 'A2', 'C2', '70'),
('A1', 2, 0.6, 'A2', 'C2', '85'),
('A1', 3, 0.66666666666667, 'A2', 'C2', '9'),
('A1', 9, 0.89010989010989, 'A2', 'C2', '93'),
('A1', 9, 0.89010989010989, 'A2', 'C3', '1'),
('A1', 3, 0.69230769230769, 'A2', 'C3', '10'),
('A1', 0.5, 0.27272727272727, 'A2', 'C3', '11'),
('A1', 3, 0.6, 'A2', 'C3', '16'),
('A1', 0.5, 0.27272727272727, 'A2', 'C3', '21'),
('A1', 0.5, 0.27272727272727, 'A2', 'C3', '23'),
('A1', 3, 0.6, 'A2', 'C3', '85'),
('A1', 0.5, 0.27272727272727, 'A2', 'C3', '9'),
('A1', 9, 0.89010989010989, 'A2', 'C3', '93'),
('A1', 9, 0.47368421052632, 'A3', 'C1', '1'),
('A1', 2, 0.61538461538462, 'A3', 'C1', '10'),
('A1', 0.25, 0.058823529411765, 'A3', 'C1', '11'),
('A1', 2, 0.57142857142857, 'A3', 'C1', '16'),
('A1', 0.1, 0.047619047619048, 'A3', 'C1', '18'),
('A1', 0.25, 0.058823529411765, 'A3', 'C1', '21'),
('A1', 0.25, 0.058823529411765, 'A3', 'C1', '23'),
('A1', 9, 0.47368421052632, 'A3', 'C1', '27'),
('A1', 9, 0.47368421052632, 'A3', 'C1', '47'),
('A1', 2, 0.33333333333333, 'A3', 'C1', '49'),
('A1', 2, 0.33333333333333, 'A3', 'C1', '51'),
('A1', 9, 0.88731144631766, 'A3', 'C1', '65'),
('A1', 9, 0.47368421052632, 'A3', 'C1', '69'),
('A1', 3, 0.27272727272727, 'A3', 'C1', '70'),
('A1', 7, 0.84003360134405, 'A3', 'C1', '80'),
('A1', 2, 0.57142857142857, 'A3', 'C1', '85'),
('A1', 0.25, 0.076923076923077, 'A3', 'C1', '9'),
('A1', 9, 0.47368421052632, 'A3', 'C1', '93'),
('A1', 9, 0.47368421052632, 'A3', 'C2', '1'),
('A1', 3, 0.71428571428571, 'A3', 'C2', '10'),
('A1', 2, 0.33333333333333, 'A3', 'C2', '11'),
('A1', 0.25, 0.058823529411765, 'A3', 'C2', '16'),
('A1', 2, 0.4, 'A3', 'C2', '21'),
('A1', 3, 0.5, 'A3', 'C2', '23'),
('A1', 7, 0.63636363636364, 'A3', 'C2', '70'),
('A1', 0.25, 0.058823529411765, 'A3', 'C2', '85'),
('A1', 2, 0.4, 'A3', 'C2', '9'),
('A1', 9, 0.47368421052632, 'A3', 'C2', '93'),
('A1', 9, 0.47368421052632, 'A3', 'C3', '1'),
('A1', 0.5, 0.11111111111111, 'A3', 'C3', '10'),
('A1', 2, 0.33333333333333, 'A3', 'C3', '11'),
('A1', 3, 0.6, 'A3', 'C3', '16'),
('A1', 2, 0.33333333333333, 'A3', 'C3', '21'),
('A1', 2, 0.33333333333333, 'A3', 'C3', '23'),
('A1', 3, 0.6, 'A3', 'C3', '85'),
('A1', 2, 0.33333333333333, 'A3', 'C3', '9'),
('A1', 9, 0.47368421052632, 'A3', 'C3', '93'),
('A2', 1, 0, '', 'C1', '87'),
('A2', 0.11111111111111, 0.09090909090909, 'A1', 'C1', '1'),
('A2', 0.25, 0.14285714285714, 'A1', 'C1', '10'),
('A2', 0.5, 0.090909090909091, 'A1', 'C1', '11'),
('A2', 0.33333333333333, 0.18181818181818, 'A1', 'C1', '16'),
('A2', 10, 0.47619047619048, 'A1', 'C1', '18'),
('A2', 0.5, 0.090909090909091, 'A1', 'C1', '21'),
('A2', 0.5, 0.090909090909091, 'A1', 'C1', '23'),
('A2', 1, 0.47368421052632, 'A1', 'C1', '27'),
('A2', 0.11111111111111, 0.09090909090909, 'A1', 'C1', '47'),
('A2', 2, 0.57142857142857, 'A1', 'C1', '49'),
('A2', 1, 0.4, 'A1', 'C1', '51'),
('A2', 0.11111111111111, 0.09090909090909, 'A1', 'C1', '65'),
('A2', 0.11111111111111, 0.09090909090909, 'A1', 'C1', '69'),
('A2', 0.14285714285714, 0.096774193548386, 'A1', 'C1', '70'),
('A2', 1, 0.46666666666667, 'A1', 'C1', '80'),
('A2', 0.33333333333333, 0.18181818181818, 'A1', 'C1', '85'),
('A2', 0.33333333333333, 0.18181818181818, 'A1', 'C1', '87'),
('A2', 0.33333333333333, 0.062499999999999, 'A1', 'C1', '9'),
('A2', 0.11111111111111, 0.09090909090909, 'A1', 'C1', '93'),
('A2', 0.11111111111111, 0.09090909090909, 'A1', 'C2', '1'),
('A2', 2, 0.6, 'A1', 'C2', '10'),
('A2', 0.33333333333333, 0.18181818181818, 'A1', 'C2', '11'),
('A2', 0.5, 0.090909090909091, 'A1', 'C2', '16'),
('A2', 0.33333333333333, 0.18181818181818, 'A1', 'C2', '21'),
('A2', 0.5, 0.27272727272727, 'A1', 'C2', '23'),
('A2', 0.11111111111111, 0.088607594936708, 'A1', 'C2', '70'),
('A2', 0.5, 0.090909090909091, 'A1', 'C2', '85'),
('A2', 0.33333333333333, 0.18181818181818, 'A1', 'C2', '9'),
('A2', 0.11111111111111, 0.09090909090909, 'A1', 'C2', '93'),
('A2', 0.11111111111111, 0.09090909090909, 'A1', 'C3', '1'),
('A2', 0.33333333333333, 0.099999999999999, 'A1', 'C3', '10'),
('A2', 2, 0.57142857142857, 'A1', 'C3', '11'),
('A2', 0.33333333333333, 0.2, 'A1', 'C3', '16'),
('A2', 2, 0.57142857142857, 'A1', 'C3', '21'),
('A2', 2, 0.57142857142857, 'A1', 'C3', '23'),
('A2', 0.33333333333333, 0.2, 'A1', 'C3', '85'),
('A2', 2, 0.57142857142857, 'A1', 'C3', '9'),
('A2', 0.11111111111111, 0.09090909090909, 'A1', 'C3', '93'),
('A2', 1, 0.098901098901099, 'A2', 'C1', '1'),
('A2', 1, 0.11111111111111, 'A2', 'C1', '10'),
('A2', 1, 0.3, 'A2', 'C1', '11'),
('A2', 1, 0.16666666666667, 'A2', 'C1', '16'),
('A2', 1, 0.47619047619048, 'A2', 'C1', '18'),
('A2', 1, 0.3, 'A2', 'C1', '21'),
('A2', 1, 0.3, 'A2', 'C1', '23'),
('A2', 1, 0.47368421052632, 'A2', 'C1', '27'),
('A2', 1, 0.098901098901099, 'A2', 'C1', '47'),
('A2', 1, 0.54545454545455, 'A2', 'C1', '49'),
('A2', 1, 0.42857142857143, 'A2', 'C1', '51'),
('A2', 1, 0.058847736625514, 'A2', 'C1', '65'),
('A2', 1, 0.098901098901099, 'A2', 'C1', '69'),
('A2', 1, 0.12280701754386, 'A2', 'C1', '70'),
('A2', 1, 0.19987995198079, 'A2', 'C1', '80'),
('A2', 1, 0.16666666666667, 'A2', 'C1', '85'),
('A2', 1, 0.2, 'A2', 'C1', '87'),
('A2', 1, 0.22222222222222, 'A2', 'C1', '9'),
('A2', 1, 0.098901098901099, 'A2', 'C1', '93'),
('A2', 1, 0.098901098901099, 'A2', 'C2', '1'),
('A2', 1, 0.15384615384615, 'A2', 'C2', '10'),
('A2', 1, 0.22222222222222, 'A2', 'C2', '11'),
('A2', 1, 0.3, 'A2', 'C2', '16'),
('A2', 1, 0.22222222222222, 'A2', 'C2', '21'),
('A2', 1, 0.28571428571429, 'A2', 'C2', '23'),
('A2', 1, 0.096774193548387, 'A2', 'C2', '70'),
('A2', 1, 0.3, 'A2', 'C2', '85'),
('A2', 1, 0.22222222222222, 'A2', 'C2', '9'),
('A2', 1, 0.098901098901099, 'A2', 'C2', '93'),
('A2', 1, 0.098901098901099, 'A2', 'C3', '1'),
('A2', 1, 0.23076923076923, 'A2', 'C3', '10'),
('A2', 1, 0.54545454545455, 'A2', 'C3', '11'),
('A2', 1, 0.2, 'A2', 'C3', '16'),
('A2', 1, 0.54545454545455, 'A2', 'C3', '21'),
('A2', 1, 0.54545454545455, 'A2', 'C3', '23'),
('A2', 1, 0.2, 'A2', 'C3', '85'),
('A2', 1, 0.54545454545455, 'A2', 'C3', '9'),
('A2', 1, 0.098901098901099, 'A2', 'C3', '93'),
('A2', 9, 0.47368421052632, 'A3', 'C1', '1'),
('A2', 0.25, 0.076923076923077, 'A3', 'C1', '10'),
('A2', 3, 0.70588235294118, 'A3', 'C1', '11'),
('A2', 0.5, 0.14285714285714, 'A3', 'C1', '16'),
('A2', 1, 0.47619047619048, 'A3', 'C1', '18'),
('A2', 3, 0.70588235294118, 'A3', 'C1', '21'),
('A2', 3, 0.70588235294118, 'A3', 'C1', '23'),
('A2', 9, 0.47368421052632, 'A3', 'C1', '27'),
('A2', 9, 0.47368421052632, 'A3', 'C1', '47'),
('A2', 3, 0.5, 'A3', 'C1', '49'),
('A2', 3, 0.5, 'A3', 'C1', '51'),
('A2', 0.143, 0.014098392980381, 'A3', 'C1', '65'),
('A2', 9, 0.47368421052632, 'A3', 'C1', '69'),
('A2', 7, 0.63636363636364, 'A3', 'C1', '70'),
('A2', 0.333, 0.039961598463939, 'A3', 'C1', '80'),
('A2', 0.5, 0.14285714285714, 'A3', 'C1', '85'),
('A2', 2, 0.61538461538462, 'A3', 'C1', '9'),
('A2', 9, 0.47368421052632, 'A3', 'C1', '93'),
('A2', 9, 0.47368421052632, 'A3', 'C2', '1'),
('A2', 0.2, 0.047619047619048, 'A3', 'C2', '10'),
('A2', 2, 0.4, 'A3', 'C2', '11'),
('A2', 3, 0.70588235294118, 'A3', 'C2', '16'),
('A2', 2, 0.4, 'A3', 'C2', '21'),
('A2', 2, 0.33333333333333, 'A3', 'C2', '23'),
('A2', 3, 0.27272727272727, 'A3', 'C2', '70'),
('A2', 3, 0.70588235294118, 'A3', 'C2', '85'),
('A2', 2, 0.4, 'A3', 'C2', '9'),
('A2', 9, 0.47368421052632, 'A3', 'C2', '93'),
('A2', 9, 0.47368421052632, 'A3', 'C3', '1'),
('A2', 3, 0.66666666666667, 'A3', 'C3', '10'),
('A2', 3, 0.5, 'A3', 'C3', '11'),
('A2', 1, 0.2, 'A3', 'C3', '16'),
('A2', 3, 0.5, 'A3', 'C3', '21'),
('A2', 3, 0.5, 'A3', 'C3', '23'),
('A2', 1, 0.2, 'A3', 'C3', '85'),
('A2', 3, 0.5, 'A3', 'C3', '9'),
('A2', 9, 0.47368421052632, 'A3', 'C3', '93'),
('A3', 1, 0, '', 'C2', '11'),
('A3', 0.11111111111111, 0.09090909090909, 'A1', 'C1', '1'),
('A3', 0.5, 0.28571428571429, 'A1', 'C1', '10'),
('A3', 4, 0.72727272727273, 'A1', 'C1', '11'),
('A3', 0.5, 0.27272727272727, 'A1', 'C1', '16'),
('A3', 10, 0.47619047619048, 'A1', 'C1', '18'),
('A3', 4, 0.72727272727273, 'A1', 'C1', '21'),
('A3', 4, 0.72727272727273, 'A1', 'C1', '23'),
('A3', 0.11111111111111, 0.052631578947368, 'A1', 'C1', '27'),
('A3', 0.11111111111111, 0.09090909090909, 'A1', 'C1', '47'),
('A3', 0.5, 0.14285714285714, 'A1', 'C1', '49'),
('A3', 0.5, 0.2, 'A1', 'C1', '51'),
('A3', 0.11111111111111, 0.09090909090909, 'A1', 'C1', '65'),
('A3', 0.11111111111111, 0.09090909090909, 'A1', 'C1', '69'),
('A3', 0.33333333333333, 0.2258064516129, 'A1', 'C1', '70'),
('A3', 0.14285714285714, 0.066666666666665, 'A1', 'C1', '80'),
('A3', 0.5, 0.27272727272727, 'A1', 'C1', '85'),
('A3', 4, 0.75, 'A1', 'C1', '9'),
('A3', 0.11111111111111, 0.09090909090909, 'A1', 'C1', '93'),
('A3', 0.11111111111111, 0.09090909090909, 'A1', 'C2', '1'),
('A3', 0.33333333333333, 0.099999999999999, 'A1', 'C2', '10'),
('A3', 0.5, 0.23076923076923, 'A1', 'C2', '11'),
('A3', 4, 0.72727272727273, 'A1', 'C2', '16'),
('A3', 0.5, 0.27272727272727, 'A1', 'C2', '21'),
('A3', 0.33333333333333, 0.18181818181818, 'A1', 'C2', '23'),
('A3', 0.14285714285714, 0.11392405063291, 'A1', 'C2', '70'),
('A3', 4, 0.72727272727273, 'A1', 'C2', '85'),
('A3', 0.5, 0.27272727272727, 'A1', 'C2', '9'),
('A3', 0.11111111111111, 0.09090909090909, 'A1', 'C2', '93'),
('A3', 0.11111111111111, 0.09090909090909, 'A1', 'C3', '1'),
('A3', 2, 0.6, 'A1', 'C3', '10'),
('A3', 0.5, 0.14285714285714, 'A1', 'C3', '11'),
('A3', 0.33333333333333, 0.2, 'A1', 'C3', '16'),
('A3', 0.5, 0.14285714285714, 'A1', 'C3', '21'),
('A3', 0.5, 0.14285714285714, 'A1', 'C3', '23'),
('A3', 0.33333333333333, 0.2, 'A1', 'C3', '85'),
('A3', 0.5, 0.14285714285714, 'A1', 'C3', '9'),
('A3', 0.11111111111111, 0.09090909090909, 'A1', 'C3', '93'),
('A3', 0.11111111111111, 0.010989010989011, 'A2', 'C1', '1'),
('A3', 4, 0.44444444444444, 'A2', 'C1', '10'),
('A3', 0.33333333333333, 0.099999999999999, 'A2', 'C1', '11'),
('A3', 2, 0.33333333333333, 'A2', 'C1', '16'),
('A3', 1, 0.47619047619048, 'A2', 'C1', '18'),
('A3', 0.33333333333333, 0.099999999999999, 'A2', 'C1', '21'),
('A3', 0.33333333333333, 0.099999999999999, 'A2', 'C1', '23'),
('A3', 0.11111111111111, 0.052631578947368, 'A2', 'C1', '27'),
('A3', 0.11111111111111, 0.010989010989011, 'A2', 'C1', '47'),
('A3', 0.33333333333333, 0.18181818181818, 'A2', 'C1', '49'),
('A3', 0.33333333333333, 0.14285714285714, 'A2', 'C1', '51'),
('A3', 6.993006993007, 0.41152263374486, 'A2', 'C1', '65'),
('A3', 0.11111111111111, 0.010989010989011, 'A2', 'C1', '69'),
('A3', 0.14285714285714, 0.017543859649122, 'A2', 'C1', '70'),
('A3', 3.003003003003, 0.60024009603842, 'A2', 'C1', '80'),
('A3', 2, 0.33333333333333, 'A2', 'C1', '85'),
('A3', 0.5, 0.11111111111111, 'A2', 'C1', '9'),
('A3', 0.11111111111111, 0.010989010989011, 'A2', 'C1', '93'),
('A3', 0.11111111111111, 0.010989010989011, 'A2', 'C2', '1'),
('A3', 5, 0.76923076923077, 'A2', 'C2', '10'),
('A3', 0.5, 0.11111111111111, 'A2', 'C2', '11'),
('A3', 0.33333333333333, 0.099999999999999, 'A2', 'C2', '16'),
('A3', 0.5, 0.11111111111111, 'A2', 'C2', '21'),
('A3', 0.5, 0.14285714285714, 'A2', 'C2', '23'),
('A3', 0.33333333333333, 0.032258064516129, 'A2', 'C2', '70'),
('A3', 0.33333333333333, 0.099999999999999, 'A2', 'C2', '85'),
('A3', 0.5, 0.11111111111111, 'A2', 'C2', '9'),
('A3', 0.11111111111111, 0.010989010989011, 'A2', 'C2', '93'),
('A3', 0.11111111111111, 0.010989010989011, 'A2', 'C3', '1'),
('A3', 0.33333333333333, 0.076923076923076, 'A2', 'C3', '10'),
('A3', 0.33333333333333, 0.18181818181818, 'A2', 'C3', '11'),
('A3', 1, 0.2, 'A2', 'C3', '16'),
('A3', 0.33333333333333, 0.18181818181818, 'A2', 'C3', '21'),
('A3', 0.33333333333333, 0.18181818181818, 'A2', 'C3', '23'),
('A3', 1, 0.2, 'A2', 'C3', '85'),
('A3', 0.33333333333333, 0.18181818181818, 'A2', 'C3', '9'),
('A3', 0.11111111111111, 0.010989010989011, 'A2', 'C3', '93'),
('A3', 1, 0.052631578947368, 'A3', 'C1', '1'),
('A3', 1, 0.30769230769231, 'A3', 'C1', '10'),
('A3', 1, 0.23529411764706, 'A3', 'C1', '11'),
('A3', 1, 0.28571428571429, 'A3', 'C1', '16'),
('A3', 1, 0.47619047619048, 'A3', 'C1', '18'),
('A3', 1, 0.23529411764706, 'A3', 'C1', '21'),
('A3', 1, 0.23529411764706, 'A3', 'C1', '23'),
('A3', 1, 0.052631578947368, 'A3', 'C1', '27'),
('A3', 1, 0.052631578947368, 'A3', 'C1', '47'),
('A3', 1, 0.16666666666667, 'A3', 'C1', '49'),
('A3', 1, 0.16666666666667, 'A3', 'C1', '51'),
('A3', 1, 0.098590160701962, 'A3', 'C1', '65'),
('A3', 1, 0.052631578947368, 'A3', 'C1', '69'),
('A3', 1, 0.090909090909091, 'A3', 'C1', '70'),
('A3', 1, 0.12000480019201, 'A3', 'C1', '80'),
('A3', 1, 0.28571428571429, 'A3', 'C1', '85'),
('A3', 1, 0.30769230769231, 'A3', 'C1', '9'),
('A3', 1, 0.052631578947368, 'A3', 'C1', '93'),
('A3', 1, 0.052631578947368, 'A3', 'C2', '1'),
('A3', 1, 0.23809523809524, 'A3', 'C2', '10'),
('A3', 1, 0.16666666666667, 'A3', 'C2', '11'),
('A3', 1, 0.23529411764706, 'A3', 'C2', '16'),
('A3', 1, 0.2, 'A3', 'C2', '21'),
('A3', 1, 0.16666666666667, 'A3', 'C2', '23'),
('A3', 1, 0.090909090909091, 'A3', 'C2', '70'),
('A3', 1, 0.23529411764706, 'A3', 'C2', '85'),
('A3', 1, 0.2, 'A3', 'C2', '9'),
('A3', 1, 0.052631578947368, 'A3', 'C2', '93'),
('A3', 1, 0.052631578947368, 'A3', 'C3', '1'),
('A3', 1, 0.22222222222222, 'A3', 'C3', '10'),
('A3', 1, 0.16666666666667, 'A3', 'C3', '11'),
('A3', 1, 0.2, 'A3', 'C3', '16'),
('A3', 1, 0.16666666666667, 'A3', 'C3', '21'),
('A3', 1, 0.16666666666667, 'A3', 'C3', '23'),
('A3', 1, 0.2, 'A3', 'C3', '85'),
('A3', 1, 0.16666666666667, 'A3', 'C3', '9'),
('A3', 1, 0.052631578947368, 'A3', 'C3', '93');

-- --------------------------------------------------------

--
-- Table structure for table `ahp_analisa_kriteria`
--

CREATE TABLE `ahp_analisa_kriteria` (
  `kriteria_pertama` varchar(2) NOT NULL,
  `nilai_analisa_kriteria` double NOT NULL,
  `hasil_analisa_kriteria` double NOT NULL,
  `kriteria_kedua` varchar(2) NOT NULL,
  `id_pengguna` varchar(3) NOT NULL
) ENGINE=InnoDB DEFAULT CHARSET=latin1;

--
-- Dumping data for table `ahp_analisa_kriteria`
--

INSERT INTO `ahp_analisa_kriteria` (`kriteria_pertama`, `nilai_analisa_kriteria`, `hasil_analisa_kriteria`, `kriteria_kedua`, `id_pengguna`) VALUES
('', 0.11111111111111, 0, '', '1'),
('', 0.11111111111111, 0, '', '17'),
('', 0.16666666666667, 0, '', '25'),
('', 0.16666666666667, 0, '', '32'),
('', 0.11111111111111, 0, '', '33'),
('', 0.25, 0, '', '39'),
('', 0.2, 0, '', '48'),
('', 0.25, 0, '', '56'),
('', 0.11111111111111, 0, '', '61'),
('', 0.11111111111111, 0, '', '79'),
('', 6.993006993007, 0, '', '81'),
('', 10, 0, '', '82'),
('', 0.11111111111111, 0, '', '84'),
('', 0.11111111111111, 0, '', '93'),
('', 0.11111111111111, 0, 'C1', '1'),
('', 0.11111111111111, 0, 'C1', '17'),
('', 0.16666666666667, 0, 'C1', '25'),
('', 0.11111111111111, 0, 'C1', '36'),
('', 3.003003003003, 0, 'C1', '39'),
('', 0.16666666666667, 0, 'C1', '48'),
('', 0.5, 0, 'C1', '58'),
('', 0.11111111111111, 0, 'C1', '77'),
('', 0.0047619047619048, 0, 'C1', '81'),
('', 6.993006993007, 0, 'C1', '82'),
('', 0.5, 0, 'C1', '87'),
('', 0.11111111111111, 0, 'C2', '36'),
('', 0.5, 0, 'C2', '58'),
('', 0.11111111111111, 0, 'C2', '77'),
('', 0.25, 0, 'C2', '87'),
('', 9, 0, 'C3', '1'),
('C1', 9, 0, '', '1'),
('C1', 9, 0, '', '17'),
('C1', 6, 0, '', '25'),
('C1', 9, 0, '', '36'),
('C1', 0.333, 0, '', '39'),
('C1', 6, 0, '', '48'),
('C1', 2, 0, '', '58'),
('C1', 9, 0, '', '77'),
('C1', 210, 0, '', '81'),
('C1', 0.143, 0, '', '82'),
('C1', 2, 0, '', '87'),
('C1', 1, 0.75, 'C1', '1'),
('C1', 1, 0.14285714285714, 'C1', '10'),
('C1', 1, 0.4, 'C1', '11'),
('C1', 1, 0.54545454545455, 'C1', '16'),
('C1', 1, 0.9, 'C1', '17'),
('C1', 1, 0.33333333333333, 'C1', '18'),
('C1', 1, 0.77419354838709, 'C1', '20'),
('C1', 1, 0.54545454545455, 'C1', '21'),
('C1', 1, 0.33333333333333, 'C1', '23'),
('C1', 1, 0.85714285714285, 'C1', '25'),
('C1', 1, 0.76363636363636, 'C1', '27'),
('C1', 1, 0.81818181818182, 'C1', '36'),
('C1', 1, 0.24981245311328, 'C1', '39'),
('C1', 1, 0.62068965517241, 'C1', '47'),
('C1', 1, 0.85714285714285, 'C1', '48'),
('C1', 1, 0.54545454545455, 'C1', '49'),
('C1', 1, 0.4, 'C1', '51'),
('C1', 1, 0.63157894736842, 'C1', '57'),
('C1', 1, 0.54545454545455, 'C1', '58'),
('C1', 1, 0.54545454545455, 'C1', '64'),
('C1', 1, 0.74468085106383, 'C1', '65'),
('C1', 1, 0.81818181818182, 'C1', '69'),
('C1', 1, 0.08974358974359, 'C1', '70'),
('C1', 1, 0.81818181818182, 'C1', '77'),
('C1', 1, 0.63157894736842, 'C1', '78'),
('C1', 1, 0.63157894736842, 'C1', '80'),
('C1', 1, 0.99526066350711, 'C1', '81'),
('C1', 1, 0.12510936132983, 'C1', '82'),
('C1', 1, 0.54545454545455, 'C1', '85'),
('C1', 1, 0.54545454545455, 'C1', '87'),
('C1', 1, 0.63157894736842, 'C1', '9'),
('C1', 1, 0.81818181818182, 'C1', '93'),
('C1', 9, 0.89010989010989, 'C2', '1'),
('C1', 0.25, 0.15789473684211, 'C2', '10'),
('C1', 2, 0.28571428571429, 'C2', '11'),
('C1', 2, 0.57142857142857, 'C2', '16'),
('C1', 1, 0.47368421052632, 'C2', '18'),
('C1', 8, 0.87272727272727, 'C2', '20'),
('C1', 2, 0.57142857142857, 'C2', '21'),
('C1', 1, 0.33333333333333, 'C2', '23'),
('C1', 7, 0.4375, 'C2', '27'),
('C1', 9, 0.89010989010989, 'C2', '36'),
('C1', 9, 0.69214780600462, 'C2', '47'),
('C1', 2, 0.57142857142857, 'C2', '49'),
('C1', 1, 0.42857142857143, 'C2', '51'),
('C1', 4, 0.72727272727273, 'C2', '57'),
('C1', 3, 0.66666666666667, 'C2', '58'),
('C1', 2, 0.61538461538462, 'C2', '64'),
('C1', 7, 0.86153846153846, 'C2', '65'),
('C1', 9, 0.89010989010989, 'C2', '69'),
('C1', 7, 0.85365853658537, 'C2', '70'),
('C1', 9, 0.89010989010989, 'C2', '77'),
('C1', 3, 0.72972972972973, 'C2', '78'),
('C1', 4, 0.75, 'C2', '80'),
('C1', 2, 0.57142857142857, 'C2', '85'),
('C1', 3, 0.70588235294118, 'C2', '87'),
('C1', 3, 0.66666666666667, 'C2', '9'),
('C1', 9, 0.89010989010989, 'C2', '93'),
('C1', 9, 0.32142857142857, 'C3', '1'),
('C1', 0.5, 0.11111111111111, 'C3', '10'),
('C1', 1, 0.44444444444444, 'C3', '11'),
('C1', 3, 0.5, 'C3', '16'),
('C1', 1, 0.090909090909091, 'C3', '18'),
('C1', 6, 0.46153846153846, 'C3', '20'),
('C1', 3, 0.5, 'C3', '21'),
('C1', 1, 0.33333333333333, 'C3', '23'),
('C1', 6, 0.84210526315789, 'C3', '27'),
('C1', 2, 0.6000600060006, 'C3', '47'),
('C1', 3, 0.5, 'C3', '49'),
('C1', 2, 0.33333333333333, 'C3', '51'),
('C1', 3, 0.5, 'C3', '57'),
('C1', 3, 0.375, 'C3', '64'),
('C1', 5, 0.35714285714286, 'C3', '65'),
('C1', 9, 0.47368421052632, 'C3', '69'),
('C1', 0.1, 0.016393442622951, 'C3', '70'),
('C1', 4, 0.28571428571429, 'C3', '78'),
('C1', 3, 0.42857142857143, 'C3', '80'),
('C1', 3, 0.5, 'C3', '85'),
('C1', 4, 0.57142857142857, 'C3', '9'),
('C1', 9, 0.47368421052632, 'C3', '93'),
('C2', 9, 0, '', '36'),
('C2', 2, 0, '', '58'),
('C2', 9, 0, '', '77'),
('C2', 4, 0, '', '87'),
('C2', 0.11111111111111, 0.083333333333333, 'C1', '1'),
('C2', 4, 0.57142857142857, 'C1', '10'),
('C2', 0.5, 0.2, 'C1', '11'),
('C2', 0.5, 0.27272727272727, 'C1', '16'),
('C2', 1, 0.33333333333333, 'C1', '18'),
('C2', 0.125, 0.096774193548387, 'C1', '20'),
('C2', 0.5, 0.27272727272727, 'C1', '21'),
('C2', 1, 0.33333333333333, 'C1', '23'),
('C2', 0.14285714285714, 0.10909090909091, 'C1', '27'),
('C2', 0.11111111111111, 0.09090909090909, 'C1', '36'),
('C2', 0.11111111111111, 0.068965517241379, 'C1', '47'),
('C2', 0.5, 0.27272727272727, 'C1', '49'),
('C2', 1, 0.4, 'C1', '51'),
('C2', 0.25, 0.15789473684211, 'C1', '57'),
('C2', 0.33333333333333, 0.18181818181818, 'C1', '58'),
('C2', 0.5, 0.27272727272727, 'C1', '64'),
('C2', 0.14285714285714, 0.1063829787234, 'C1', '65'),
('C2', 0.11111111111111, 0.09090909090909, 'C1', '69'),
('C2', 0.14285714285714, 0.012820512820513, 'C1', '70'),
('C2', 0.11111111111111, 0.09090909090909, 'C1', '77'),
('C2', 0.33333333333333, 0.21052631578947, 'C1', '78'),
('C2', 0.25, 0.15789473684211, 'C1', '80'),
('C2', 0.5, 0.27272727272727, 'C1', '85'),
('C2', 0.33333333333333, 0.18181818181818, 'C1', '87'),
('C2', 0.33333333333333, 0.21052631578947, 'C1', '9'),
('C2', 0.11111111111111, 0.09090909090909, 'C1', '93'),
('C2', 1, 0.098901098901099, 'C2', '1'),
('C2', 1, 0.63157894736842, 'C2', '10'),
('C2', 1, 0.14285714285714, 'C2', '11'),
('C2', 1, 0.28571428571429, 'C2', '16'),
('C2', 1, 0.47368421052632, 'C2', '18'),
('C2', 1, 0.10909090909091, 'C2', '20'),
('C2', 1, 0.28571428571429, 'C2', '21'),
('C2', 1, 0.33333333333333, 'C2', '23'),
('C2', 1, 0.0625, 'C2', '27'),
('C2', 1, 0.098901098901099, 'C2', '36'),
('C2', 1, 0.076905311778291, 'C2', '47'),
('C2', 1, 0.28571428571429, 'C2', '49'),
('C2', 1, 0.42857142857143, 'C2', '51'),
('C2', 1, 0.18181818181818, 'C2', '57'),
('C2', 1, 0.22222222222222, 'C2', '58'),
('C2', 1, 0.30769230769231, 'C2', '64'),
('C2', 1, 0.12307692307692, 'C2', '65'),
('C2', 1, 0.098901098901099, 'C2', '69'),
('C2', 1, 0.1219512195122, 'C2', '70'),
('C2', 1, 0.098901098901099, 'C2', '77'),
('C2', 1, 0.24324324324324, 'C2', '78'),
('C2', 1, 0.1875, 'C2', '80'),
('C2', 1, 0.28571428571429, 'C2', '85'),
('C2', 1, 0.23529411764706, 'C2', '87'),
('C2', 1, 0.22222222222222, 'C2', '9'),
('C2', 1, 0.098901098901099, 'C2', '93'),
('C2', 9, 0.32142857142857, 'C3', '1'),
('C2', 3, 0.66666666666667, 'C3', '10'),
('C2', 0.25, 0.11111111111111, 'C3', '11'),
('C2', 2, 0.33333333333333, 'C3', '16'),
('C2', 9, 0.81818181818182, 'C3', '18'),
('C2', 6, 0.46153846153846, 'C3', '20'),
('C2', 2, 0.33333333333333, 'C3', '21'),
('C2', 1, 0.33333333333333, 'C3', '23'),
('C2', 0.125, 0.017543859649123, 'C3', '27'),
('C2', 0.333, 0.0999099909991, 'C3', '47'),
('C2', 2, 0.33333333333333, 'C3', '49'),
('C2', 3, 0.5, 'C3', '51'),
('C2', 2, 0.33333333333333, 'C3', '57'),
('C2', 4, 0.5, 'C3', '64'),
('C2', 8, 0.57142857142857, 'C3', '65'),
('C2', 9, 0.47368421052632, 'C3', '69'),
('C2', 5, 0.81967213114754, 'C3', '70'),
('C2', 9, 0.64285714285714, 'C3', '78'),
('C2', 3, 0.42857142857143, 'C3', '80'),
('C2', 2, 0.33333333333333, 'C3', '85'),
('C2', 2, 0.28571428571429, 'C3', '9'),
('C2', 9, 0.47368421052632, 'C3', '93'),
('C3', 0.11111111111111, 0, '', '1'),
('C3', 0.11111111111111, 0.083333333333333, 'C1', '1'),
('C3', 2, 0.28571428571429, 'C1', '10'),
('C3', 1, 0.4, 'C1', '11'),
('C3', 0.33333333333333, 0.18181818181818, 'C1', '16'),
('C3', 1, 0.33333333333333, 'C1', '18'),
('C3', 0.16666666666667, 0.12903225806452, 'C1', '20'),
('C3', 0.33333333333333, 0.18181818181818, 'C1', '21'),
('C3', 1, 0.33333333333333, 'C1', '23'),
('C3', 0.16666666666667, 0.12727272727273, 'C1', '27'),
('C3', 0.5, 0.31034482758621, 'C1', '47'),
('C3', 0.33333333333333, 0.18181818181818, 'C1', '49'),
('C3', 0.5, 0.2, 'C1', '51'),
('C3', 0.33333333333333, 0.21052631578947, 'C1', '57'),
('C3', 0.33333333333333, 0.18181818181818, 'C1', '64'),
('C3', 0.2, 0.14893617021277, 'C1', '65'),
('C3', 0.11111111111111, 0.09090909090909, 'C1', '69'),
('C3', 10, 0.8974358974359, 'C1', '70'),
('C3', 0.25, 0.15789473684211, 'C1', '78'),
('C3', 0.33333333333333, 0.21052631578947, 'C1', '80'),
('C3', 0.33333333333333, 0.18181818181818, 'C1', '85'),
('C3', 0.25, 0.15789473684211, 'C1', '9'),
('C3', 0.11111111111111, 0.09090909090909, 'C1', '93'),
('C3', 0.11111111111111, 0.010989010989011, 'C2', '1'),
('C3', 0.33333333333333, 0.21052631578947, 'C2', '10'),
('C3', 4, 0.57142857142857, 'C2', '11'),
('C3', 0.5, 0.14285714285714, 'C2', '16'),
('C3', 0.11111111111111, 0.052631578947368, 'C2', '18'),
('C3', 0.16666666666667, 0.018181818181819, 'C2', '20'),
('C3', 0.5, 0.14285714285714, 'C2', '21'),
('C3', 1, 0.33333333333333, 'C2', '23'),
('C3', 8, 0.5, 'C2', '27'),
('C3', 3.003003003003, 0.23094688221709, 'C2', '47'),
('C3', 0.5, 0.14285714285714, 'C2', '49'),
('C3', 0.33333333333333, 0.14285714285714, 'C2', '51'),
('C3', 0.5, 0.090909090909091, 'C2', '57'),
('C3', 0.25, 0.076923076923077, 'C2', '64'),
('C3', 0.125, 0.015384615384615, 'C2', '65'),
('C3', 0.11111111111111, 0.010989010989011, 'C2', '69'),
('C3', 0.2, 0.024390243902439, 'C2', '70'),
('C3', 0.11111111111111, 0.027027027027027, 'C2', '78'),
('C3', 0.33333333333333, 0.062499999999999, 'C2', '80'),
('C3', 0.5, 0.14285714285714, 'C2', '85'),
('C3', 0.5, 0.11111111111111, 'C2', '9'),
('C3', 0.11111111111111, 0.010989010989011, 'C2', '93'),
('C3', 1, 0.035714285714286, 'C3', '1'),
('C3', 1, 0.22222222222222, 'C3', '10'),
('C3', 1, 0.44444444444444, 'C3', '11'),
('C3', 1, 0.16666666666667, 'C3', '16'),
('C3', 1, 0.090909090909091, 'C3', '18'),
('C3', 1, 0.076923076923077, 'C3', '20'),
('C3', 1, 0.16666666666667, 'C3', '21'),
('C3', 1, 0.33333333333333, 'C3', '23'),
('C3', 1, 0.14035087719298, 'C3', '27'),
('C3', 1, 0.3000300030003, 'C3', '47'),
('C3', 1, 0.16666666666667, 'C3', '49'),
('C3', 1, 0.16666666666667, 'C3', '51'),
('C3', 1, 0.16666666666667, 'C3', '57'),
('C3', 1, 0.125, 'C3', '64'),
('C3', 1, 0.071428571428571, 'C3', '65'),
('C3', 1, 0.052631578947368, 'C3', '69'),
('C3', 1, 0.16393442622951, 'C3', '70'),
('C3', 1, 0.071428571428571, 'C3', '78'),
('C3', 1, 0.14285714285714, 'C3', '80'),
('C3', 1, 0.16666666666667, 'C3', '85'),
('C3', 1, 0.14285714285714, 'C3', '9'),
('C3', 1, 0.052631578947368, 'C3', '93');

-- --------------------------------------------------------

--
-- Table structure for table `ahp_data_alternatif`
--

CREATE TABLE `ahp_data_alternatif` (
  `id_alternatif` varchar(2) NOT NULL,
  `nama_alternatif` varchar(45) NOT NULL,
  `hasil_akhir` double NOT NULL,
  `id_pengguna` varchar(3) NOT NULL
) ENGINE=InnoDB DEFAULT CHARSET=latin1;

--
-- Dumping data for table `ahp_data_alternatif`
--

INSERT INTO `ahp_data_alternatif` (`id_alternatif`, `nama_alternatif`, `hasil_akhir`, `id_pengguna`) VALUES
('A1', 'Lulus', 0.502422822983835, '1'),
('A1', 'a', 0.38942499376918605, '10'),
('A1', 'Sistem Informasi', 0.327172269581233, '11'),
('A1', 'olahrag', 0, '13'),
('A1', 'Sistem Informasi', 0.472043307681196, '16'),
('A1', 'Service', 0.014252803726488, '18'),
('A1', 'Sistem Informasi', 0.35944834009515403, '21'),
('A1', 'Sistem Informasi', 0.35992017866222403, '23'),
('A1', 'Sistem Informasi', 0.32261709896752, '27'),
('A1', 'Photoshop', 0, '32'),
('A1', 'TI', 0.4637662453944, '47'),
('A1', 'saya', 0, '48'),
('A1', 'Sistem Informasi', 0.16021064073012, '49'),
('A1', 'IPA', 0.15000251952633, '51'),
('A1', 'Bb', 0, '54'),
('A1', 'informatika', 0, '57'),
('A1', 'sistem informasi', 0, '58'),
('A1', 'a', 0.48759508167382, '65'),
('A1', 'Coli', 0, '69'),
('A1', 'IPA', 0.43742621148562, '70'),
('A1', 'ti', 0, '77'),
('A1', 'Pengambilan Keputusan dan Sistem Informasi', 0, '78'),
('A1', 'Sistem Informasi', 0.30301519462235, '80'),
('A1', 'RPL', 0.20734597156398, '81'),
('A1', 'hukum', 0, '82'),
('A1', 'Teknik Informatika', 0.472043307681196, '85'),
('A1', 'Sistem Informasi', 0, '86'),
('A1', 'TKJ', 0.15926105979582, '87'),
('A1', 'Sistem Informasi', 0.359894942787707, '9'),
('A1', 'TIK', 0.727325306272677, '93'),
('A2', 'Tidak Lulus', 0.1527765392716219, '1'),
('A2', 'b', 0.261264589139832, '10'),
('A2', 'dota', 0, '13'),
('A2', 'Sistem Komputer', 0.22970431515121797, '16'),
('A2', 'Block', 0.14252803726488, '18'),
('A2', 'Sistem Komputer', 0.36498324255729897, '21'),
('A2', 'Sistem Komputer', 0.37367651070222696, '23'),
('A2', 'Pertanian', 0.32261709896752, '27'),
('A2', 'Coreldraw', 0, '32'),
('A2', 'SI', 0.14102186198781, '47'),
('A2', 'Teknik Informatika', 0.29047900151796, '49'),
('A2', 'IPS', 0.17151927437642, '51'),
('A2', 'Hh', 0, '54'),
('A2', 'sistem informasi', 0, '57'),
('A2', 'teknik informatika', 0, '58'),
('A2', 'b', 0.035745237919375, '65'),
('A2', 'Coli MAster', 0, '69'),
('A2', 'IPS', 0.139863494903802, '70'),
('A2', 'Pengambilan Keputusan Manajemen: Pendekatam S', 0, '78'),
('A2', 'Teknik Informatika', 0.14209845720098, '80'),
('A2', 'Sistem Komputer', 0.22970431515121797, '85'),
('A2', 'RPL', 0.05308701993194, '87'),
('A2', 'Sistem Komputer', 0.305260464640335, '9'),
('A2', 'KIMIA', 0.221164800112171, '93'),
('A3', 'TIK', 0.0355820785259765, '1'),
('A3', 'c', 0.349310417090983, '10'),
('A3', 'Ilmu Komputer', 0.240176794997831, '11'),
('A3', 'aspalth', 0, '13'),
('A3', 'Teknik Informatika', 0.298252377167583, '16'),
('A3', 'Smash power', 0.14252803726488, '18'),
('A3', 'Teknik Informatika', 0.275568417347553, '21'),
('A3', 'Teknik Informatika', 0.266403310635549, '23'),
('A3', 'Ekonomi', 0.035846344329723, '27'),
('A3', 'Page Maker', 0, '32'),
('A3', 'Akuntansi', 0.032844381677007, '47'),
('A3', 'Sistem Komputer', 0.088271396712955, '49'),
('A3', 'BAHASA', 0.065779793398841, '51'),
('A3', 'c', 0.13111373698852, '65'),
('A3', 'Begadang', 0, '69'),
('A3', 'Bahasa', 0.060790104421295996, '70'),
('A3', 'Teknik Sipil', 0.15826980682329, '80'),
('A3', 'Sistem Informasi', 0.298252377167583, '85'),
('A3', 'Teknik Informatika', 0.3348445925719507, '9'),
('A3', 'Elektro', 0.0515098936151567, '93');

-- --------------------------------------------------------

--
-- Table structure for table `ahp_data_kriteria`
--

CREATE TABLE `ahp_data_kriteria` (
  `id_pengguna` varchar(3) NOT NULL,
  `id_kriteria` varchar(2) NOT NULL,
  `nama_kriteria` varchar(45) NOT NULL,
  `jumlah_kriteria` double NOT NULL,
  `bobot_kriteria` double NOT NULL
) ENGINE=InnoDB DEFAULT CHARSET=latin1;

--
-- Dumping data for table `ahp_data_kriteria`
--

INSERT INTO `ahp_data_kriteria` (`id_pengguna`, `id_kriteria`, `nama_kriteria`, `jumlah_kriteria`, `bobot_kriteria`) VALUES
('1', 'C1', 'Tes tes', 1.3333333333333302, 0.49038461538461503),
('1', 'C2', 'Lulus', 10.11111111111111, 0.16788766788766732),
('1', 'C3', 'tes', 28, 0.0325091575091575),
('10', 'C1', '1', 7, 0.13728766360345332),
('10', 'C2', '2', 1.58333333333333, 0.6232247284878866),
('10', 'C3', '3', 4.5, 0.23948760790866),
('11', 'C1', 'Harga', 2.5, 0.3767195767195766),
('11', 'C2', 'Prosepek', 7, 0.15132275132275),
('11', 'C3', 'Keinginan', 2.25, 0.47195767195766997),
('13', 'C1', 'prospek', 0, 0),
('13', 'C2', 'cewe banyak', 0, 0),
('13', 'C3', 'bayar murah', 0, 0),
('16', 'C1', 'Harga', 1.83333333333333, 0.53896103896104),
('16', 'C2', 'Prospek', 3.5, 0.29725829725829667),
('16', 'C3', 'Keinginan', 6, 0.16378066378066333),
('17', 'C1', 'tes', 1.11111111111111, 0.45),
('18', 'C1', 'Heru', 3, 0.29930887825624697),
('18', 'C2', 'Hebby', 2.11111111111111, 0.54173312068049),
('18', 'C3', 'Fery', 11, 0.158958001063263),
('20', 'C1', 'asd', 1.29166666666667, 0.7028197608842733),
('20', 'C2', 'sdf', 9.16666666666667, 0.222467854725919),
('20', 'C3', 'dfg', 13, 0.07471238438980533),
('21', 'C1', 'Harga', 1.83333333333333, 0.53896103896104),
('21', 'C2', 'Prospek', 3.5, 0.29725829725829667),
('21', 'C3', 'Keinginan', 6, 0.16378066378066333),
('23', 'C1', 'Harga', 3, 0.33333333333333),
('23', 'C2', 'Prospek', 3, 0.33333333333333),
('23', 'C3', 'keinginan', 3, 0.33333333333333),
('25', 'C1', 'ipa', 1.16666666666667, 0.428571428571425),
('27', 'C1', 'Matematika', 1.30952380952381, 0.6810805422647501),
('27', 'C2', 'Bahasa Indonesia', 16, 0.06304492291334433),
('27', 'C3', 'Fisika', 7.125, 0.2558745348219033),
('39', 'C1', 'djkasdjk', 4.003003003003, 0.12490622655664),
('47', 'C1', 'Kecerdasan', 1.61111111111111, 0.63763248905921),
('47', 'C2', 'Rumah', 13.003003003003, 0.08192694000625668),
('47', 'C3', 'Prestasi', 3.333, 0.28044057093453334),
('48', 'C1', 'ada', 1.16666666666667, 0.428571428571425),
('49', 'C1', 'Harga', 1.83333333333333, 0.53896103896104),
('49', 'C2', 'Prospek', 3.5, 0.29725829725829667),
('49', 'C3', 'Keinginan', 6, 0.16378066378066333),
('51', 'C1', 'Nilai', 2.5, 0.38730158730158665),
('51', 'C2', 'Ranking', 2.33333333333333, 0.44285714285714334),
('51', 'C3', 'Minat', 6, 0.16984126984127),
('54', 'C1', 'Umur', 0, 0),
('54', 'C2', 'Anu', 0, 0),
('54', 'C3', 'Iik', 0, 0),
('57', 'C1', 'a', 1.58333333333333, 0.6196172248803834),
('57', 'C2', 'b', 5.5, 0.22434875066454),
('57', 'C3', 'c', 6, 0.156034024455077),
('58', 'C1', 'harga', 1.83333333333333, 0.40404040404040664),
('58', 'C2', 'keinginan', 4.5, 0.13468013468013332),
('64', 'C1', 'Multimedia', 1.83333333333333, 0.5119463869463899),
('64', 'C2', 'RPL', 3.25, 0.36013986013986),
('64', 'C3', 'Jaringan', 8, 0.12791375291375232),
('65', 'C1', 'a', 1.3428571428571399, 0.6544540565817166),
('65', 'C2', 'b', 8.125, 0.26696282440963),
('65', 'C3', 'c', 14, 0.078583119008652),
('66', 'C1', 'nilai ipa', 0, 0),
('69', 'C1', 'Kinerja', 1.22222222222222, 0.7273253062726767),
('69', 'C2', 'Menguasai Lapangan', 10.11111111111111, 0.22116480011216966),
('69', 'C3', 'Kepemimpinan', 19, 0.05150989361515634),
('70', 'C1', 'minat', 11.14285714285714, 0.31993185631730364),
('70', 'C2', 'Nilai Raport', 8.2, 0.31814795449341765),
('70', 'C3', 'Saran Orangtua', 6.1, 0.361920189189283),
('75', 'C1', 'prospek', 0, 0),
('77', 'C1', 'gengsi', 1.22222222222222, 0.56943056943057),
('77', 'C2', 'seru', 10.11111111111111, 0.063270063270063),
('78', 'C1', 'Harga', 1.58333333333333, 0.5490076542708134),
('78', 'C2', 'Frekuensi Peminjaman', 4.11111111111111, 0.3655422339632833),
('78', 'C3', 'Tahun Terbit', 14, 0.08545011176590267),
('80', 'C1', 'Biaya', 1.58333333333333, 0.6033834586466166),
('80', 'C2', 'Akreditasi', 5.33333333333333, 0.2579887218045133),
('80', 'C3', 'Bakat Minat', 7, 0.13862781954886969),
('81', 'C1', 'a', 1.0047619047619047, 0.497630331753555),
('82', 'C1', 'zakfar', 7.993006993007, 0.062554680664915),
('84', 'C1', 'asa', 0, 0),
('85', 'C1', 'Harga', 1.83333333333333, 0.53896103896104),
('85', 'C2', 'Prospek', 3.5, 0.29725829725829667),
('85', 'C3', 'Keinginan', 6, 0.16378066378066333),
('86', 'C1', 'Harga', 0, 0),
('87', 'C1', 'akademik', 1.83333333333333, 0.41711229946524336),
('87', 'C2', 'Bakat', 4.25, 0.13903743315508),
('9', 'C1', 'Harga', 1.58333333333333, 0.6232247284878866),
('9', 'C2', 'Prospek', 4.5, 0.23948760790866),
('9', 'C3', 'Keinginan', 7, 0.13728766360345335),
('93', 'C1', 'dfdfgsfgd', 1.22222222222222, 0.7273253062726767),
('93', 'C2', 'sgdfgsfd', 10.11111111111111, 0.22116480011216966),
('93', 'C3', 'gsdfgsdff', 19, 0.05150989361515634);

-- --------------------------------------------------------

--
-- Table structure for table `ahp_jum_alt_kri`
--

CREATE TABLE `ahp_jum_alt_kri` (
  `id_pengguna` varchar(3) NOT NULL,
  `id_alternatif` varchar(2) NOT NULL,
  `id_kriteria` varchar(2) NOT NULL,
  `jumlah_alt_kri` double NOT NULL,
  `skor_alt_kri` double NOT NULL,
  `hasil_alt_kri` double NOT NULL
) ENGINE=InnoDB DEFAULT CHARSET=latin1;

--
-- Dumping data for table `ahp_jum_alt_kri`
--

INSERT INTO `ahp_jum_alt_kri` (`id_pengguna`, `id_alternatif`, `id_kriteria`, `jumlah_alt_kri`, `skor_alt_kri`, `hasil_alt_kri`) VALUES
('1', 'A1', 'C1', 1.22222222222222, 0.7273253062726767, 0.35666914057602),
('1', 'A1', 'C2', 1.22222222222222, 0.7273253062726767, 0.1221089494658),
('1', 'A1', 'C3', 1.22222222222222, 0.7273253062726767, 0.023644732942015),
('1', 'A2', 'C1', 10.11111111111111, 0.22116480011216966, 0.10845581543962),
('1', 'A2', 'C2', 10.11111111111111, 0.22116480011216966, 0.037130842509674),
('1', 'A2', 'C3', 10.11111111111111, 0.22116480011216966, 0.0071898813223279),
('1', 'A3', 'C1', 19, 0.05150989361515634, 0.025259659368971),
('1', 'A3', 'C2', 19, 0.05150989361515634, 0.0086478759121904),
('1', 'A3', 'C3', 19, 0.05150989361515634, 0.0016745432448151),
('10', 'A1', 'C1', 1.75, 0.5437525437525433, 0.074650516310221),
('10', 'A1', 'C2', 3.33333333333333, 0.3637362637362623, 0.22668943420823),
('10', 'A1', 'C3', 3.33333333333333, 0.36780626780626663, 0.088085043250735),
('10', 'A2', 'C1', 9, 0.11029711029710898, 0.015142432574902),
('10', 'A2', 'C2', 6.5, 0.267155067155066, 0.16649764419188),
('10', 'A2', 'C3', 4.33333333333333, 0.332478632478633, 0.07962451237305),
('10', 'A3', 'C1', 3.25, 0.3459503459503466, 0.047494714718329),
('10', 'A3', 'C2', 4.2, 0.36910866910866963, 0.23003765008778),
('10', 'A3', 'C3', 4.5, 0.29971509971509863, 0.071778052284874),
('11', 'A1', 'C1', 5.5, 0.280213903743315, 0.10556206320912),
('11', 'A1', 'C2', 2.16666666666666, 0.365384615384615, 0.081316872427983),
('11', 'A1', 'C3', 3.5, 0.29725829725829667, 0.14029333394413),
('11', 'A2', 'C1', 3.33333333333333, 0.3655971479500903, 0.13446892250814),
('11', 'A2', 'C2', 4.5, 0.26801346801346665, 0.089108751330973),
('11', 'A2', 'C3', 1.83333333333333, 0.53896103896104, 0.16153476153476),
('11', 'A3', 'C1', 4.25, 0.3541889483065963, 0.13342991068481),
('11', 'A3', 'C2', 6, 0.1271367521367525, 0.029449343523417),
('11', 'A3', 'C3', 6, 0.16378066378066333, 0.077297540789604),
('16', 'A1', 'C1', 1.83333333333333, 0.5389610389610399, 0.29047900151796),
('16', 'A1', 'C2', 5.5, 0.280213903743315, 0.083295907894838),
('16', 'A1', 'C3', 1.6666666666666599, 0.6, 0.098268398268398),
('16', 'A2', 'C1', 6, 0.16378066378066333, 0.088271396712955),
('16', 'A2', 'C2', 3.33333333333333, 0.3655971479500903, 0.10867678568213),
('16', 'A2', 'C3', 5, 0.20000000000000004, 0.032756132756133),
('16', 'A3', 'C1', 3.5, 0.29725829725829667, 0.16021064073012),
('16', 'A3', 'C2', 4.25, 0.3541889483065963, 0.10528560368133),
('16', 'A3', 'C3', 5, 0.20000000000000004, 0.032756132756133),
('18', 'A1', 'C1', 21, 0.047619047619048, 0.014252803726488),
('18', 'A2', 'C1', 2.1, 0.47619047619048, 0.14252803726488),
('18', 'A3', 'C1', 2.1, 0.47619047619048, 0.14252803726488),
('21', 'A1', 'C1', 5.5, 0.280213903743315, 0.15102437669283),
('21', 'A1', 'C2', 1.83333333333333, 0.53737373737374, 0.15973880216305),
('21', 'A1', 'C3', 3.5, 0.29725829725829667, 0.048685161239274),
('21', 'A2', 'C1', 3.33333333333333, 0.3655971479500903, 0.19704261870037),
('21', 'A2', 'C2', 4.5, 0.26801346801346665, 0.079669227143974),
('21', 'A2', 'C3', 1.83333333333333, 0.53896103896104, 0.088271396712955),
('21', 'A3', 'C1', 4.25, 0.3541889483065963, 0.19089404356784),
('21', 'A3', 'C2', 5, 0.19461279461279335, 0.057850267951278),
('21', 'A3', 'C3', 6, 0.16378066378066333, 0.026824105828435),
('23', 'A1', 'C1', 5.5, 0.280213903743315, 0.15102437669283),
('23', 'A1', 'C2', 1.83333333333333, 0.53896103896104, 0.16021064073012),
('23', 'A1', 'C3', 3.5, 0.29725829725829667, 0.048685161239274),
('23', 'A2', 'C1', 3.33333333333333, 0.3655971479500903, 0.19704261870037),
('23', 'A2', 'C2', 3.5, 0.29725829725829667, 0.088362495288902),
('23', 'A2', 'C3', 1.83333333333333, 0.53896103896104, 0.088271396712955),
('23', 'A3', 'C1', 4.25, 0.3541889483065963, 0.19089404356784),
('23', 'A3', 'C2', 6, 0.16378066378066333, 0.048685161239274),
('23', 'A3', 'C3', 6, 0.16378066378066333, 0.026824105828435),
('27', 'A1', 'C1', 2.11111111111111, 0.47368421052632, 0.32261709896752),
('27', 'A2', 'C1', 2.11111111111111, 0.47368421052632, 0.32261709896752),
('27', 'A3', 'C1', 19, 0.052631578947368, 0.035846344329723),
('47', 'A1', 'C1', 1.22222222222222, 0.7273253062726767, 0.4637662453944),
('47', 'A2', 'C1', 10.11111111111111, 0.22116480011216966, 0.14102186198781),
('47', 'A3', 'C1', 19, 0.05150989361515634, 0.032844381677007),
('48', 'A1', 'C1', 1.5, 0.333333333333335, 0),
('49', 'A1', 'C1', 3.5, 0.29725829725829667, 0.16021064073012),
('49', 'A2', 'C1', 1.83333333333333, 0.53896103896104, 0.29047900151796),
('49', 'A3', 'C1', 6, 0.16378066378066333, 0.088271396712955),
('51', 'A1', 'C1', 2.5, 0.38730158730158665, 0.15000251952633),
('51', 'A2', 'C1', 2.33333333333333, 0.44285714285714334, 0.17151927437642),
('51', 'A3', 'C1', 6, 0.16984126984127, 0.065779793398841),
('65', 'A1', 'C1', 1.22222222222222, 0.7450409647097033, 0.48759508167382),
('65', 'A2', 'C1', 16.993006993007, 0.05461840683832834, 0.035745237919375),
('65', 'A3', 'C1', 10.143, 0.20034062845197068, 0.13111373698852),
('69', 'A1', 'C1', 1.22222222222222, 0.7273253062726767, 0),
('69', 'A2', 'C1', 10.11111111111111, 0.22116480011216966, 0),
('69', 'A3', 'C1', 19, 0.05150989361515634, 0),
('70', 'A1', 'C1', 1.4761904761904698, 0.6032652501243333, 0.193003771324),
('70', 'A1', 'C2', 1.25396825396825, 0.7682665775765001, 0.24442244016162),
('70', 'A2', 'C1', 8.14285714285714, 0.285314949151962, 0.091281341317264),
('70', 'A2', 'C2', 10.33333333333333, 0.15270302040412168, 0.048582153586538),
('70', 'A3', 'C1', 11, 0.11141980072370433, 0.035646743676039),
('70', 'A3', 'C2', 11, 0.07903040201937667, 0.025143360745257),
('77', 'A1', 'C2', 1.11111111111111, 0.45, 0),
('80', 'A1', 'C1', 2.14285714285714, 0.5021934066638366, 0.30301519462235),
('80', 'A2', 'C1', 5.003003003003, 0.235502739037133, 0.14209845720098),
('80', 'A3', 'C1', 8.333, 0.26230385429903164, 0.15826980682329),
('81', 'A1', 'C1', 1.2, 0.416666666666665, 0.20734597156398),
('85', 'A1', 'C1', 1.83333333333333, 0.5389610389610399, 0.29047900151796),
('85', 'A1', 'C2', 5.5, 0.280213903743315, 0.083295907894838),
('85', 'A1', 'C3', 1.6666666666666599, 0.6, 0.098268398268398),
('85', 'A2', 'C1', 6, 0.16378066378066333, 0.088271396712955),
('85', 'A2', 'C2', 3.33333333333333, 0.3655971479500903, 0.10867678568213),
('85', 'A2', 'C3', 5, 0.20000000000000004, 0.032756132756133),
('85', 'A3', 'C1', 3.5, 0.29725829725829667, 0.16021064073012),
('85', 'A3', 'C2', 4.25, 0.3541889483065963, 0.10528560368133),
('85', 'A3', 'C3', 5, 0.20000000000000004, 0.032756132756133),
('87', 'A1', 'C1', 1.83333333333333, 0.38181818181818333, 0.15926105979582),
('87', 'A2', 'C1', 5, 0.12727272727272668, 0.05308701993194),
('9', 'A1', 'C1', 5.33333333333333, 0.310363247863249, 0.22573504430792),
('9', 'A1', 'C2', 1.83333333333333, 0.53737373737374, 0.11884815521179),
('9', 'A1', 'C3', 3.5, 0.29725829725829667, 0.015311743267997),
('9', 'A2', 'C1', 4.5, 0.300035612535613, 0.21822349378017),
('9', 'A2', 'C2', 4.5, 0.26801346801346665, 0.059275145080568),
('9', 'A2', 'C3', 1.83333333333333, 0.53896103896104, 0.027761825779597),
('9', 'A3', 'C1', 3.25, 0.38960113960114, 0.28336676818458),
('9', 'A3', 'C2', 5, 0.19461279461279335, 0.043041499819809),
('9', 'A3', 'C3', 6, 0.16378066378066333, 0.0084363245675617),
('93', 'A1', 'C1', 1.22222222222222, 0.7273253062726767, 0.52900210114464),
('93', 'A1', 'C2', 1.22222222222222, 0.7273253062726767, 0.16085875597832),
('93', 'A1', 'C3', 1.22222222222222, 0.7273253062726767, 0.037464449149717),
('93', 'A2', 'C1', 10.11111111111111, 0.22116480011216966, 0.16085875597832),
('93', 'A2', 'C2', 10.11111111111111, 0.22116480011216966, 0.048913868808656),
('93', 'A2', 'C3', 10.11111111111111, 0.22116480011216966, 0.011392175325195),
('93', 'A3', 'C1', 19, 0.05150989361515634, 0.037464449149717),
('93', 'A3', 'C2', 19, 0.05150989361515634, 0.011392175325195),
('93', 'A3', 'C3', 19, 0.05150989361515634, 0.0026532691402447);

-- --------------------------------------------------------

--
-- Table structure for table `ahp_nilai`
--

CREATE TABLE `ahp_nilai` (
  `id_nilai` int(11) NOT NULL,
  `jum_nilai` double NOT NULL,
  `ket_nilai` text NOT NULL
) ENGINE=InnoDB DEFAULT CHARSET=latin1;

--
-- Dumping data for table `ahp_nilai`
--

INSERT INTO `ahp_nilai` (`id_nilai`, `jum_nilai`, `ket_nilai`) VALUES
(2, 9, 'Mutlak sangat penting dari ini'),
(3, 8, 'Mendekati mutlak dari'),
(8, 7, 'Sangat penting dari'),
(9, 6, 'Mendekati sangat penting dari'),
(10, 5, 'Lebih penting dari'),
(11, 4, 'Mendekati lebih penting dari'),
(12, 3, 'Sedikit lebih penting dari'),
(13, 2, 'Mendekati sedikit lebih penting dari'),
(14, 1, 'Sama penting dengan'),
(42, 0.5, 'TIdak terlalu penting dari'),
(43, 0, 'Tidak penting');

-- --------------------------------------------------------

--
-- Table structure for table `ahp_pengguna`
--

CREATE TABLE `ahp_pengguna` (
  `id_pengguna` int(11) NOT NULL,
  `nama_lengkap` varchar(25) NOT NULL,
  `username` varchar(15) NOT NULL,
  `password` varchar(100) NOT NULL
) ENGINE=InnoDB DEFAULT CHARSET=latin1;

--
-- Dumping data for table `ahp_pengguna`
--

INSERT INTO `ahp_pengguna` (`id_pengguna`, `nama_lengkap`, `username`, `password`) VALUES
(1, 'Administrator', 'admin', '21232f297a57a5a743894a0e4a801fc3'),
(10, 'lukman2', 'lukman2', '069ceda3514c3df48abc15e3dd1f0676'),
(11, 'hakim', 'hakim', 'c96041081de85714712a79319cb2be5f'),
(13, 'ario', 'ario.hanindito', '6ad6641eb138ea56f2232af7deb2cd12'),
(14, 'Ina', 'Ina', 'a0fb2daa33c637d078d1d276dd453ea2'),
(15, 'Ratna Sari', 'Ratnasari.g', '8fe160627a8117b21f9a2ab05a275dec'),
(16, 'Haris Lukman Hakim', 'sanseru', '11df0a388d0ff67336652a5021139d46'),
(18, 'Haris Lukman', 'hrslkm', '3e1e30428dfddd179daf8d5847b9c5a3'),
(19, 'joanda fernando', 'kurotama', '7c901141acfc27e4306592680deef860'),
(20, 'asd', 'asd', '7815696ecbf1c96e6894b779456d330e'),
(21, 'Pengguna', 'pengguna', '8b097b8a86f9d6a991357d40d3d58634'),
(22, 'hakim', 'lukman', 'b5bbc8cf472072baffe920e4e28ee29c'),
(23, 'iqbal', 'iqbal', 'eedae20fc3c7a6e9c5b1102098771c70'),
(25, 'Ihram Dagul', 'dagul', '74ee55083a714aa3791f8d594fea00c9'),
(26, 'kjhkhj', 'asd', '7815696ecbf1c96e6894b779456d330e'),
(28, 'K', 'Hhhh', 'b5bbc8cf472072baffe920e4e28ee29c'),
(29, '1111', '1111', 'b59c67bf196a4758191e42f76670ceba'),
(30, 'syfaudin', 'udin', 'd3307d09d29f5b81ed35aaa62db579b0'),
(31, 'anjay', 'anjay', 'de12f5798f86bdcc5c759a645e913e4c'),
(32, 'Marius', 'mettu', '2e81f1927cbbbc1b48e623336ce68b8a'),
(34, 'Joko Samudro', 'wjsamudro', '827ccb0eea8a706c4c34a16891f84e7b'),
(35, 'Rizky Wahyu Prasanti', 'kikywp16', 'bddbcba193bb5cb6be8ded5f747b106c'),
(36, 'Marius', 'mettu', '49b2cdf52533afb7a85055dd7854fe31'),
(37, 'admin', 'admin', '21232f297a57a5a743894a0e4a801fc3'),
(38, 'tika', 'tika', 'c27cd12c8034c739304c22a3a3748e39'),
(39, 'artaw', 'arta', '896030c07a5b4e12d28bf59df751433c'),
(40, 'admin', 'admin', '21232f297a57a5a743894a0e4a801fc3'),
(41, 'radenabeng', 'radenabeng', 'ef7e33450e51ff98de3c20667dca9a12'),
(42, 'radenabeng', 'radenabeng', 'ef7e33450e51ff98de3c20667dca9a12'),
(43, 'heri', 'heri', 'c4ca4238a0b923820dcc509a6f75849b'),
(44, 'Daniel Tuwaidan', 'Dexter', 'd39cc3aef65ef04f87c865254b611bc9'),
(45, 'akksj', 'wkwk', 'da021b9a9c11f58f05bf9d22adc20083'),
(46, 'sekti', 'bayu', '827ccb0eea8a706c4c34a16891f84e7b'),
(47, 'Ardhi Putra', 'ardhipm', '1c8e3f94866718731a93ec0054d2bedf'),
(48, 'asep', 'asep', 'af9ab7534efd56b3d9e70acb13697c0b'),
(49, 'Rafa', 'rafanbl', 'ab62a6338dd558bc41e88e4a19b38188'),
(50, 'denilorang', 'denias', '248fe1764ed669dfd666c4fc8ab0465a'),
(51, 'David', 'David', 'e10adc3949ba59abbe56e057f20f883e'),
(52, 'Daniel', 'Dexter', '6abe55491bf68a3873106a1945ad631e'),
(53, 'hehe', 'hehee', '1057e654ff00001fb5ed8d1ad4c3f46b'),
(54, 'Abc', 'Abc', '900150983cd24fb0d6963f7d28e17f72'),
(55, 'Abc', 'Abc', '900150983cd24fb0d6963f7d28e17f72'),
(56, 'syahfrizal', 'rizal', '202cb962ac59075b964b07152d234b70'),
(57, 'auliya n', 'haiauliya', 'dd76e607e23d3dd35f85a2cb8333a775'),
(58, 'bayunoise', 'bayunoise', 'd8f530008218ca825bcd231b8af5962a'),
(59, 'cinta', 'cin', '81dc9bdb52d04dc20036dbd8313ed055'),
(60, 'rifqi', 'rifbhs', 'ed86550378a1390f3559b8b12884b77c'),
(61, 'aaa', 'aaaaaa', '0b4e7a0e5fe84ad35fb5f95b9ceeac79'),
(62, 'BAYU EKA DERMAWAN', 'FALISHA AZZAHRA', '7f35f7970f1d480aa7f2dacf2640ec03'),
(63, 'BAYU EKA DERMAWAN', 'SMAWIGA', '25f9e794323b453885f5181f1b624d0b'),
(64, 'gde', 'lalu', '74ee55083a714aa3791f8d594fea00c9'),
(65, 'Rismawan Junandia', 'junandia', '06fb21c8f449c8741753b8ef644305ee'),
(66, 'fathin', 'fathin', '8a934a93bc5504f1d11f67c51b041e68'),
(67, 'fathin', 'fathin', '8a934a93bc5504f1d11f67c51b041e68'),
(68, 'qweqwe', 'qweqwe', 'efe6398127928f1b2e9ef3207fb82663'),
(69, 'joko', 'joko', '9ba0009aa81e794e628a04b51eaf7d7f'),
(70, 'test', 'test', '098f6bcd4621d373cade4e832627b4f6'),
(71, 'bunda', 'bunda', '827ccb0eea8a706c4c34a16891f84e7b'),
(72, 'Ucylarasati', 'ucylaras', 'dfa89253fa86934070f553cfa3042443'),
(73, 'bocilz', 'bocilz', '202cb962ac59075b964b07152d234b70'),
(74, 'Anon', 'Anon', 'e10adc3949ba59abbe56e057f20f883e'),
(75, 'ekae', 'eka31', 'c4ca4238a0b923820dcc509a6f75849b'),
(76, 'antony', 'admin', 'e10adc3949ba59abbe56e057f20f883e'),
(77, 'antony', 'ladder', 'e10adc3949ba59abbe56e057f20f883e'),
(78, 'Wahyudin', 'wahyudin', '07984385180bccebbef3a38e9361b9ed'),
(79, 'kancut', 'kancut', '827ccb0eea8a706c4c34a16891f84e7b'),
(80, 'Arif', 'ArifKus', '827ccb0eea8a706c4c34a16891f84e7b'),
(81, 'ridwan', 'asdqwe123', 'e69dc2c09e8da6259422d987ccbe95b5'),
(82, 'zakfarr', 'zakfar', '0be57707e214008ba49d10d7df26af97'),
(83, 'zakfarr', 'zak', '25d55ad283aa400af464c76d713c07ad'),
(84, 'yr', 'yr', '6eea9b7ef19179a06954edd0f6c05ceb'),
(85, 'Sistem Pendukung Keputusa', 'kelompok6', '86f6d0e7f0c7da92175b4df56d9de5a1'),
(86, 'asek', 'ravenz6', '8b6bc5d8046c8466359d3ac43ce362ab'),
(87, 'kudou', 'kudou', '96e79218965eb72c92a549dd5a330112'),
(88, 'Yuda Prasetiawan', 'YudaPMJ', '7b93cd984058ea7c6556d7a88a6e80b7'),
(89, 'Hanifa', 'hanifa354@gmail', 'f37f6766837c95e224b6e196cf3fce24'),
(90, 'Hanifa Rosyida Sari', 'hanifa', '48f5bd24694015d887e955933c5ee942'),
(91, 'fitri nurhalimah', 'fitrinrhlmh', '8d493714cd083832a7ec260498fe9447'),
(93, 'Khairul Azman', 'azman', 'bb3d189b95f6253468959ac0c778cfda'),
(94, 'Khairul Azman', 'azman12', '3feecc27a19a3d838816ce94f810ffb5'),
(95, 'Khairul Azman', 'admin', '21232f297a57a5a743894a0e4a801fc3'),
(96, 'Khairul Azman', 'azman', '3feecc27a19a3d838816ce94f810ffb5');

-- --------------------------------------------------------

--
-- Table structure for table `ahp_rangking`
--

CREATE TABLE `ahp_rangking` (
  `kriteria` varchar(2) NOT NULL,
  `skor_bobot` double NOT NULL,
  `alternatif` varchar(2) NOT NULL
) ENGINE=InnoDB DEFAULT CHARSET=latin1;

--
-- Indexes for dumped tables
--

--
-- Indexes for table `ahp_analisa_alternatif`
--
ALTER TABLE `ahp_analisa_alternatif`
  ADD PRIMARY KEY (`alternatif_pertama`,`alternatif_kedua`,`id_kriteria`,`id_pengguna`);

--
-- Indexes for table `ahp_analisa_kriteria`
--
ALTER TABLE `ahp_analisa_kriteria`
  ADD PRIMARY KEY (`kriteria_pertama`,`kriteria_kedua`,`id_pengguna`);

--
-- Indexes for table `ahp_data_alternatif`
--
ALTER TABLE `ahp_data_alternatif`
  ADD PRIMARY KEY (`id_alternatif`,`id_pengguna`);

--
-- Indexes for table `ahp_data_kriteria`
--
ALTER TABLE `ahp_data_kriteria`
  ADD PRIMARY KEY (`id_pengguna`,`id_kriteria`);

--
-- Indexes for table `ahp_jum_alt_kri`
--
ALTER TABLE `ahp_jum_alt_kri`
  ADD PRIMARY KEY (`id_pengguna`,`id_alternatif`,`id_kriteria`);

--
-- Indexes for table `ahp_nilai`
--
ALTER TABLE `ahp_nilai`
  ADD PRIMARY KEY (`id_nilai`);

--
-- Indexes for table `ahp_pengguna`
--
ALTER TABLE `ahp_pengguna`
  ADD PRIMARY KEY (`id_pengguna`);

--
-- Indexes for table `ahp_rangking`
--
ALTER TABLE `ahp_rangking`
  ADD PRIMARY KEY (`kriteria`,`alternatif`);

--
-- AUTO_INCREMENT for dumped tables
--

--
-- AUTO_INCREMENT for table `ahp_nilai`
--
ALTER TABLE `ahp_nilai`
  MODIFY `id_nilai` int(11) NOT NULL AUTO_INCREMENT, AUTO_INCREMENT=44;

--
-- AUTO_INCREMENT for table `ahp_pengguna`
--
ALTER TABLE `ahp_pengguna`
  MODIFY `id_pengguna` int(11) NOT NULL AUTO_INCREMENT, AUTO_INCREMENT=97;
COMMIT;

/*!40101 SET CHARACTER_SET_CLIENT=@OLD_CHARACTER_SET_CLIENT */;
/*!40101 SET CHARACTER_SET_RESULTS=@OLD_CHARACTER_SET_RESULTS */;
/*!40101 SET COLLATION_CONNECTION=@OLD_COLLATION_CONNECTION */;
